group,arm,opportunities,settled,positive_opportunities,unique_positive_targets,brier,gain_vs_follow,source_queries,E_determined,program_forecasts,actual_model_calls
1000__base_bound_override,P00_follow,216,216,0,0,0.0015329849583409637,0.0,0,0,0,0
1000__base_bound_override,P01_base_only,216,216,0,0,0.0015329849583409637,0.0,0,0,216,0
1000__base_bound_override,P02_one_read,216,216,0,0,0.001542416347652586,-9.431389311621177e-06,24,0,216,0
1000__base_bound_override,P03_batch_shared,216,216,0,0,0.0015589585026466802,-2.5973544305714677e-05,72,210,216,0
1000__base_bound_override,P04_risk_shared,216,216,0,0,0.0015589585026466802,-2.5973544305714677e-05,72,210,216,0
1000__base_bound_override,P05_coverage_shared,216,216,0,0,0.0015589585026466802,-2.5973544305714677e-05,72,210,216,0
1000__base_bound_override,P06_qp,216,216,0,0,0.001538400738159911,-5.4157798189470135e-06,65,0,216,0
1000__base_bound_override,P06_qs,216,216,0,0,0.0015455813965911645,-1.2596438250199298e-05,63,162,216,0
1000__base_bound_override,P06_gp,216,216,0,0,0.0015337837762742096,-7.988179332454334e-07,72,24,216,0
1000__base_bound_override,P06_gs,216,216,0,0,0.0015589585026466802,-2.5973544305714677e-05,72,210,216,0
1000__persistent_override,P00_follow,216,216,0,0,0.0015329849583409637,0.0,0,0,0,0
1000__persistent_override,P01_base_only,216,216,0,0,0.0015337707924020468,-7.85834061083068e-07,0,0,216,0
1000__persistent_override,P02_one_read,216,216,0,0,0.0015436450641089423,-1.0660105767977699e-05,24,0,216,0
1000__persistent_override,P03_batch_shared,216,216,0,0,0.0015559767171727762,-2.2991758831810658e-05,72,210,216,0
1000__persistent_override,P04_risk_shared,216,216,0,0,0.0015559767171727762,-2.2991758831810658e-05,72,210,216,0
1000__persistent_override,P05_coverage_shared,216,216,0,0,0.0015559767171727762,-2.2991758831810658e-05,72,210,216,0
1000__persistent_override,P06_qp,216,216,0,0,0.0015395693824409864,-6.584424100022417e-06,65,0,216,0
1000__persistent_override,P06_qs,216,216,0,0,0.0015425996111172605,-9.614652776295281e-06,63,162,216,0
1000__persistent_override,P06_gp,216,216,0,0,0.001532755306266616,2.2965207434804767e-07,72,24,216,0
1000__persistent_override,P06_gs,216,216,0,0,0.0015559767171727762,-2.2991758831810658e-05,72,210,216,0
5000__base_bound_override,P00_follow,216,216,2,2,0.021752413000250617,0.0,0,0,0,0
5000__base_bound_override,P01_base_only,216,216,2,2,0.021752413000250617,0.0,0,0,216,0
5000__base_bound_override,P02_one_read,216,216,2,2,0.023095964244136864,-0.0013435512438861996,24,18,216,0
5000__base_bound_override,P03_batch_shared,216,216,2,2,0.023946409369598687,-0.002193996369348001,72,213,216,0
5000__base_bound_override,P04_risk_shared,216,216,2,2,0.023947411785311203,-0.002194998785060514,72,213,216,0
5000__base_bound_override,P05_coverage_shared,216,216,2,2,0.023946409369598687,-0.002193996369348001,72,213,216,0
5000__base_bound_override,P06_qp,216,216,2,2,0.022706336941799514,-0.000953923941548871,68,8,216,0
5000__base_bound_override,P06_qs,216,216,2,2,0.02377672531652765,-0.0020243123162769733,65,174,216,0
5000__base_bound_override,P06_gp,216,216,2,2,0.02237892228908229,-0.0006265092888316563,72,27,216,0
5000__base_bound_override,P06_gs,216,216,2,2,0.023946409369598687,-0.002193996369348001,72,213,216,0
5000__persistent_override,P00_follow,216,216,2,2,0.021752413000250617,0.0,0,0,0,0
5000__persistent_override,P01_base_only,216,216,2,2,0.02175232789954643,8.510070418575437e-08,0,0,216,0
5000__persistent_override,P02_one_read,216,216,2,2,0.023094048717641504,-0.0013416357173908335,24,18,216,0
5000__persistent_override,P03_batch_shared,216,216,2,2,0.023915921745732656,-0.0021635087454819654,72,213,216,0
5000__persistent_override,P04_risk_shared,216,216,2,2,0.023915921745732656,-0.0021635087454819654,72,213,216,0
5000__persistent_override,P05_coverage_shared,216,216,2,2,0.023915921745732656,-0.0021635087454819654,72,213,216,0
5000__persistent_override,P06_qp,216,216,2,2,0.022707725235722485,-0.0009553122354718398,68,8,216,0
5000__persistent_override,P06_qs,216,216,2,2,0.023763252544055664,-0.00201083954380498,65,174,216,0
5000__persistent_override,P06_gp,216,216,2,2,0.02237441783845693,-0.000622004838206298,72,27,216,0
5000__persistent_override,P06_gs,216,216,2,2,0.023915921745732656,-0.0021635087454819654,72,213,216,0
