model,condition,episodes,goal_accuracy,grounded_success,source_macro_grounded,acquired_sufficient,grounded_given_sufficient,mean_reads,calls,input_tokens,output_tokens,generation_seconds
internvl3_5_8b,active2_image,92,0.4891304347826087,0.17391304347826086,0.15364583333333334,0.3804347826086957,0.45714285714285713,1.6956521739130435,248,787840,4365,129.23153172247112
internvl3_5_8b,full_image,92,0.5434782608695652,0.4782608695652174,0.4609375,1,0.4782608695652174,3.5,92,736225,2772,95.59202443435788
internvl3_5_8b,full_text,92,0.5217391304347826,0.5,0.47604166666666664,1,0.5,3.5,92,234462,2766,70.60138742718846
qwen3_8b,active2_text,92,0.4673913043478261,0.13043478260869565,0.125,0.13043478260869565,1,0.34782608695652173,124,185732,1666,45.81999384984374
qwen3_8b,full_text,92,0.5760869565217391,0.5760869565217391,0.5541666666666667,1,0.5760869565217391,3.5,92,234830,2969,80.07290464453399
qwen3_8b,none,92,0.2608695652173913,0.13043478260869565,0.125,0.13043478260869565,1,0,92,147099,920,26.84323609061539
qwen3vl_32b,active2_image,92,0.5,0.42391304347826086,0.37239583333333337,0.782608695652174,0.5416666666666666,1.923913043478261,269,508772,5218,264.6546308770776
qwen3vl_32b,full_image,92,0.7065217391304348,0.7065217391304348,0.6963541666666666,1,0.7065217391304348,3.5,92,247561,3373,162.1702820835635
qwen3vl_32b,full_text,92,0.75,0.75,0.7317708333333334,1,0.75,3.5,92,234462,3142,149.73407832626253
qwen3vl_8b,active2_image,92,0.3695652173913043,0.14130434782608695,0.140625,0.21739130434782608,0.65,1.0543478260869565,189,342842,3369,93.2917425148189
qwen3vl_8b,active2_text,92,0.5869565217391305,0.41304347826086957,0.3515625,0.6086956521739131,0.6785714285714286,1.9021739130434783,267,482986,5074,136.08008530270308
qwen3vl_8b,full_image,92,0.6630434782608695,0.6630434782608695,0.6473958333333333,1,0.6630434782608695,3.5,92,247561,3389,92.02777795959264
qwen3vl_8b,full_text,92,0.717391304347826,0.717391304347826,0.7072916666666667,1,0.717391304347826,3.5,92,234462,3141,81.91623324155807
qwen3vl_8b,none,92,0.2391304347826087,0.13043478260869565,0.125,0.13043478260869565,1,0,92,146731,1196,32.83345752675086
