budget,policy,episodes,grounded_success,mean_reads
0,always_unknown,92,0.13043478260869565,0.0
0,latest_issued_rule,92,0.13043478260869565,0.0
0,metadata_rule,92,0.13043478260869565,0.0
0,private_certificate_bound,92,0.13043478260869565,1.858695652173913
0,uniform_random_exact_mean,92,0.13043478260869565,0.0
1,always_unknown,92,0.13043478260869565,0.0
1,latest_issued_rule,92,0.16304347826086957,1.0
1,metadata_rule,92,0.16304347826086957,1.0
1,private_certificate_bound,92,0.20652173913043478,1.858695652173913
1,uniform_random_exact_mean,92,0.1648550724637681,1.0
2,always_unknown,92,0.13043478260869565,0.0
2,latest_issued_rule,92,0.31521739130434784,1.9673913043478262
2,metadata_rule,92,0.8260869565217391,1.8369565217391304
2,private_certificate_bound,92,0.8695652173913043,1.858695652173913
2,uniform_random_exact_mean,92,0.42210144927536214,1.9655797101449277
3,always_unknown,92,0.13043478260869565,0.0
3,latest_issued_rule,92,0.8804347826086957,2.7934782608695654
3,metadata_rule,92,0.9239130434782609,2.010869565217391
3,private_certificate_bound,92,0.9347826086956522,1.858695652173913
3,uniform_random_exact_mean,92,0.845108695652174,2.6884057971014492
4,always_unknown,92,0.13043478260869565,0.0
4,latest_issued_rule,92,1.0,2.9130434782608696
4,metadata_rule,92,1.0,2.0869565217391304
4,private_certificate_bound,92,1.0,1.858695652173913
4,uniform_random_exact_mean,92,1.0,2.8432971014492745
