phase,model,condition,dimension,group,method,all_correct,current_source,errors.correct,errors.wrong_key,errors.wrong_locator,errors.wrong_source_version,errors.wrong_value_status_or_unit,fields.latitude,fields.longitude,fields.max_sustained_wind,key_correct,kind_correct,literal_support.latitude,literal_support.longitude,literal_support.max_sustained_wind,locator_correct,planned,received,shape_valid,status_correct,storm_correct,time_correct,units.latitude,units.longitude,units.max_sustained_wind,values.latitude,values.longitude,values.max_sustained_wind,errors.invalid_json_shape,errors.missing_response,errors.unseen_source
p11,qwen3,system_any_spacing,method,all,snapshot,356,616,356,1,191,7,249,561,559,599,803,804,248,243,197,383,804,804,804,678,804,803,804,804,804,573,571,613,,,
p11,qwen3,system_any_spacing,method,all,structured_state,345,618,345,1,173,16,268,546,541,574,802,803,254,253,204,388,804,804,803,708,803,802,803,803,803,560,555,588,1,,
p11,qwen3,system_any_spacing,method,all,answer_history,299,520,299,1,119,10,375,435,444,496,803,804,264,265,196,396,804,804,804,673,804,803,804,804,804,455,463,520,,,
p11,qwen3,system_any_spacing,status,DISSIPATED,snapshot,3,5,3,,1,,6,4,4,4,10,10,3,3,3,4,10,10,10,4,10,10,10,10,10,10,10,10,,,
p11,qwen3,system_any_spacing,status,DISSIPATED,structured_state,6,7,6,,1,1,2,8,8,8,10,10,6,6,6,6,10,10,10,8,10,10,10,10,10,8,8,8,,,
p11,qwen3,system_any_spacing,status,DISSIPATED,answer_history,4,4,4,,,,6,4,4,4,10,10,4,4,4,4,10,10,10,4,10,10,10,10,10,10,10,10,,,
p11,qwen3,system_any_spacing,status,not_stated,snapshot,170,184,170,,,,26,170,170,170,196,196,0,0,0,184,196,196,196,185,196,196,196,196,196,170,170,170,,,
p11,qwen3,system_any_spacing,status,not_stated,structured_state,168,179,168,1,,2,25,170,170,170,195,196,0,0,0,179,196,196,196,186,196,195,196,196,196,170,170,170,,,
p11,qwen3,system_any_spacing,status,not_stated,answer_history,164,185,164,1,,4,27,168,168,168,195,196,0,0,0,185,196,196,196,188,196,195,196,196,196,168,168,168,,,
p11,qwen3,system_any_spacing,status,numeric,snapshot,183,427,183,1,190,7,217,387,385,425,597,598,245,240,194,195,598,598,598,489,598,597,598,598,598,393,391,433,,,
p11,qwen3,system_any_spacing,status,numeric,structured_state,171,432,171,,172,13,241,368,363,396,597,597,248,247,198,203,598,598,597,514,597,597,597,597,597,382,377,410,1,,
p11,qwen3,system_any_spacing,status,numeric,answer_history,131,331,131,,119,6,342,263,272,324,598,598,260,261,192,207,598,598,598,481,598,598,598,598,598,277,285,342,,,
p11,qwen3,system_any_spacing,storm,AL052019,snapshot,71,109,71,1,25,,37,97,96,100,133,134,46,45,41,76,134,134,134,112,134,133,134,134,134,97,96,100,,,
p11,qwen3,system_any_spacing,storm,AL052019,structured_state,66,121,66,1,33,,34,100,99,104,133,134,47,47,36,70,134,134,134,128,134,133,134,134,134,100,99,104,,,
p11,qwen3,system_any_spacing,storm,AL052019,answer_history,59,99,59,,22,4,49,85,85,91,134,134,50,50,40,76,134,134,134,121,134,134,134,134,134,86,86,92,,,
p11,qwen3,system_any_spacing,storm,AL072022,snapshot,53,101,53,,38,6,37,99,99,107,134,134,38,37,29,59,134,134,134,117,134,134,134,134,134,99,99,108,,,
p11,qwen3,system_any_spacing,storm,AL072022,structured_state,50,102,50,,34,5,45,90,91,92,134,134,32,32,29,58,134,134,134,115,134,134,134,134,134,95,96,97,,,
p11,qwen3,system_any_spacing,storm,AL072022,answer_history,62,93,62,,20,3,49,87,88,95,134,134,47,45,47,76,134,134,134,120,134,134,134,134,134,89,90,97,,,
p11,qwen3,system_any_spacing,storm,AL082021,snapshot,57,104,57,,34,,43,94,94,106,134,134,43,42,30,60,134,134,134,117,134,134,134,134,134,95,95,107,,,
p11,qwen3,system_any_spacing,storm,AL082021,structured_state,49,96,49,,34,2,49,92,88,102,134,134,45,44,32,62,134,134,134,123,134,134,134,134,134,92,88,102,,,
p11,qwen3,system_any_spacing,storm,AL082021,answer_history,38,78,38,,25,,71,63,65,88,134,134,52,52,19,52,134,134,134,109,134,134,134,134,134,69,70,94,,,
p11,qwen3,system_any_spacing,storm,AL092020,snapshot,50,101,50,,36,1,47,88,87,99,134,134,34,33,22,50,134,134,134,118,134,134,134,134,134,88,87,100,,,
p11,qwen3,system_any_spacing,storm,AL092020,structured_state,56,97,56,,24,5,48,88,86,98,133,133,42,42,34,63,134,134,133,118,133,133,133,133,133,90,88,100,1,,
p11,qwen3,system_any_spacing,storm,AL092020,answer_history,33,83,33,,22,1,78,58,56,75,134,134,32,32,16,47,134,134,134,112,134,134,134,134,134,58,56,79,,,
p11,qwen3,system_any_spacing,storm,AL092024,snapshot,65,106,65,,30,,39,95,95,97,134,134,47,46,40,73,134,134,134,111,134,134,134,134,134,105,105,107,,,
p11,qwen3,system_any_spacing,storm,AL092024,structured_state,68,107,68,,22,1,43,91,91,91,134,134,49,49,42,72,134,134,134,112,134,134,134,134,134,98,98,98,,,
p11,qwen3,system_any_spacing,storm,AL092024,answer_history,57,86,57,,16,2,59,76,77,78,134,134,55,55,43,78,134,134,134,109,134,134,134,134,134,85,86,87,,,
p11,qwen3,system_any_spacing,storm,AL132023,snapshot,60,95,60,,28,,46,88,88,90,134,134,40,40,35,65,134,134,134,103,134,134,134,134,134,89,89,91,,,
p11,qwen3,system_any_spacing,storm,AL132023,structured_state,56,95,56,,26,3,49,85,86,87,134,134,39,39,31,63,134,134,134,112,134,134,134,134,134,85,86,87,,,
p11,qwen3,system_any_spacing,storm,AL132023,answer_history,50,81,50,1,14,,69,66,73,69,133,134,28,31,31,67,134,134,134,102,134,133,134,134,134,68,75,71,,,
p11,qwen3,system_any_spacing,transition,changed_wind,snapshot,42,84,42,,31,,23,75,73,77,96,96,52,52,46,46,96,96,96,92,96,96,96,96,96,75,73,77,,,
p11,qwen3,system_any_spacing,transition,changed_wind,structured_state,26,53,26,,18,,52,48,45,46,96,96,42,42,39,42,96,96,96,93,96,96,96,96,96,48,45,46,,,
p11,qwen3,system_any_spacing,transition,changed_wind,answer_history,6,25,6,,10,,80,19,22,27,96,96,43,44,33,35,96,96,96,91,96,96,96,96,96,19,22,27,,,
p11,qwen3,system_any_spacing,transition,first_checkpoint,snapshot,99,136,99,,25,,20,124,124,124,144,144,32,32,20,111,144,144,144,137,144,144,144,144,144,124,124,124,,,
p11,qwen3,system_any_spacing,transition,first_checkpoint,structured_state,106,135,106,,16,2,20,124,124,126,144,144,32,32,25,115,144,144,144,138,144,144,144,144,144,125,125,127,,,
p11,qwen3,system_any_spacing,transition,first_checkpoint,answer_history,96,132,96,1,23,2,22,122,121,122,143,144,28,27,17,109,144,144,144,133,144,143,144,144,144,122,121,122,,,
p11,qwen3,system_any_spacing,transition,first_explicit,snapshot,35,84,35,,31,,31,67,66,72,97,97,42,41,35,37,97,97,97,81,97,97,97,97,97,71,70,77,,,
p11,qwen3,system_any_spacing,transition,first_explicit,structured_state,26,71,26,,28,,43,55,55,56,97,97,35,35,26,26,97,97,97,69,97,97,97,97,97,58,58,59,,,
p11,qwen3,system_any_spacing,transition,first_explicit,answer_history,31,62,31,,13,,53,44,45,52,97,97,35,36,32,36,97,97,97,60,97,97,97,97,97,51,52,60,,,
p11,qwen3,system_any_spacing,transition,no_new_coverage,snapshot,75,185,75,1,86,7,157,172,171,196,325,326,102,98,79,79,326,326,326,235,326,325,326,326,326,180,179,205,,,
p11,qwen3,system_any_spacing,transition,no_new_coverage,structured_state,94,245,94,,97,14,121,211,208,224,326,326,129,128,101,103,326,326,326,276,326,326,326,326,326,220,217,233,,,
p11,qwen3,system_any_spacing,transition,no_new_coverage,answer_history,77,195,77,,69,6,174,155,159,182,326,326,136,136,100,108,326,326,326,256,326,326,326,326,326,166,170,196,,,
p11,qwen3,system_any_spacing,transition,still_not_stated,snapshot,91,93,91,,,,8,91,91,91,99,99,0,0,0,93,99,99,99,93,99,99,99,99,99,91,91,91,,,
p11,qwen3,system_any_spacing,transition,still_not_stated,structured_state,87,89,87,1,,,11,87,87,87,98,99,0,0,0,89,99,99,99,92,99,98,99,99,99,87,87,87,,,
p11,qwen3,system_any_spacing,transition,still_not_stated,answer_history,84,93,84,,,2,13,86,86,86,99,99,0,0,0,93,99,99,99,95,99,99,99,99,99,86,86,86,,,
p11,qwen3,system_any_spacing,transition,unchanged_wind,snapshot,14,34,14,,18,,10,32,34,39,42,42,20,20,17,17,42,42,42,40,42,42,42,42,42,32,34,39,,,
p11,qwen3,system_any_spacing,transition,unchanged_wind,structured_state,6,25,6,,14,,21,21,22,35,41,41,16,16,13,13,42,42,41,40,41,41,41,41,41,22,23,36,1,,
p11,qwen3,system_any_spacing,transition,unchanged_wind,answer_history,5,13,5,,4,,33,9,11,27,42,42,22,22,14,15,42,42,42,38,42,42,42,42,42,11,12,29,,,
p11,deepseek_r1,system_any_spacing,method,all,snapshot,1,156,1,108,,,415,1,1,97,416,520,0,0,0,83,804,538,524,365,521,420,25,25,520,67,36,124,14,266,
p11,deepseek_r1,system_any_spacing,method,all,structured_state,1,166,1,46,1,3,440,7,6,71,445,490,0,0,0,67,804,530,491,295,487,448,57,57,491,65,32,103,39,274,
p11,deepseek_r1,system_any_spacing,method,all,answer_history,1,157,1,78,,2,418,4,3,82,421,493,0,0,0,66,804,536,499,310,494,431,55,55,494,83,52,130,37,268,
p11,deepseek_r1,system_any_spacing,status,DISSIPATED,snapshot,0,0,,,,,3,0,0,0,3,3,0,0,0,0,10,3,3,1,3,3,0,0,3,0,0,0,,7,
p11,deepseek_r1,system_any_spacing,status,DISSIPATED,structured_state,0,1,,,,,3,0,0,0,3,3,0,0,0,0,10,3,3,0,3,3,0,0,3,0,0,0,,7,
p11,deepseek_r1,system_any_spacing,status,DISSIPATED,answer_history,0,0,,1,,,1,0,0,0,1,2,0,0,0,0,10,2,2,0,2,1,0,0,2,0,0,0,,8,
p11,deepseek_r1,system_any_spacing,status,not_stated,snapshot,1,83,1,29,,,156,1,1,34,157,185,0,0,0,83,196,188,186,98,185,159,11,11,185,29,29,37,2,8,
p11,deepseek_r1,system_any_spacing,status,not_stated,structured_state,1,67,1,22,,2,157,3,3,28,160,182,0,0,0,67,196,190,182,111,182,160,18,18,182,23,23,31,8,6,
p11,deepseek_r1,system_any_spacing,status,not_stated,answer_history,1,66,1,28,,1,152,2,2,32,154,182,0,0,0,66,196,188,182,113,182,154,30,30,181,36,36,35,6,8,
p11,deepseek_r1,system_any_spacing,status,numeric,snapshot,0,73,,79,,,256,0,0,63,256,332,0,0,0,0,598,347,335,266,333,258,14,14,332,38,7,87,12,251,
p11,deepseek_r1,system_any_spacing,status,numeric,structured_state,0,98,,24,1,1,280,4,3,43,282,305,0,0,0,0,598,337,306,184,302,285,39,39,306,42,9,72,31,261,
p11,deepseek_r1,system_any_spacing,status,numeric,answer_history,0,91,,49,,1,265,2,1,50,266,309,0,0,0,0,598,346,315,197,310,276,25,25,311,47,16,95,31,252,
p11,deepseek_r1,system_any_spacing,storm,AL052019,snapshot,0,29,,16,,,73,0,0,21,73,87,0,0,0,16,134,90,89,66,87,74,6,6,89,12,8,22,1,44,
p11,deepseek_r1,system_any_spacing,storm,AL052019,structured_state,0,32,,10,,,80,0,0,13,80,89,0,0,0,15,134,92,90,50,86,83,6,6,90,10,5,18,2,42,
p11,deepseek_r1,system_any_spacing,storm,AL052019,answer_history,0,21,,20,,1,64,2,1,9,65,84,0,0,0,10,134,90,85,50,85,66,14,14,85,21,11,15,5,44,
p11,deepseek_r1,system_any_spacing,storm,AL072022,snapshot,0,28,,19,,,68,0,0,18,68,87,0,0,0,12,134,89,87,55,87,68,2,2,86,16,9,27,2,45,
p11,deepseek_r1,system_any_spacing,storm,AL072022,structured_state,0,27,,7,,,75,0,0,17,75,82,0,0,0,8,134,89,82,59,82,75,8,8,82,18,6,30,7,45,
p11,deepseek_r1,system_any_spacing,storm,AL072022,answer_history,0,27,,5,,1,79,1,1,26,80,85,0,0,0,10,134,89,85,60,85,80,22,22,85,13,8,32,4,45,
p11,deepseek_r1,system_any_spacing,storm,AL082021,snapshot,0,25,,30,,,60,0,0,14,60,89,0,0,0,14,134,92,90,60,90,61,4,4,90,10,6,20,2,42,
p11,deepseek_r1,system_any_spacing,storm,AL082021,structured_state,0,18,,8,,,74,0,0,6,74,82,0,0,0,7,134,88,82,38,82,74,13,13,82,2,1,13,6,46,
p11,deepseek_r1,system_any_spacing,storm,AL082021,answer_history,0,29,,13,,,72,0,0,9,72,84,0,0,0,9,134,91,85,53,85,73,3,3,83,8,6,22,6,43,
p11,deepseek_r1,system_any_spacing,storm,AL092020,snapshot,0,28,,21,,,66,0,0,19,66,87,0,0,0,19,134,90,87,62,87,66,4,4,86,7,5,26,3,44,
p11,deepseek_r1,system_any_spacing,storm,AL092020,structured_state,0,34,,10,,,64,0,0,21,64,74,0,0,0,19,134,85,74,48,74,64,4,4,74,15,8,27,11,49,
p11,deepseek_r1,system_any_spacing,storm,AL092020,answer_history,0,29,,13,,,67,0,0,16,67,77,0,0,0,14,134,90,80,46,80,70,8,8,79,7,5,27,10,44,
p11,deepseek_r1,system_any_spacing,storm,AL092024,snapshot,1,22,1,10,,,73,1,1,12,74,83,0,0,0,10,134,88,84,60,83,76,6,6,82,12,5,15,4,46,
p11,deepseek_r1,system_any_spacing,storm,AL092024,structured_state,0,26,,10,,2,71,4,2,6,73,83,0,0,0,10,134,88,83,46,83,73,14,14,83,10,5,7,5,46,
p11,deepseek_r1,system_any_spacing,storm,AL092024,answer_history,1,23,1,21,,,65,1,1,6,66,87,0,0,0,11,134,91,87,50,82,70,8,8,85,14,10,13,4,43,
p11,deepseek_r1,system_any_spacing,storm,AL132023,snapshot,0,24,,12,,,75,0,0,13,75,87,0,0,0,12,134,89,87,62,87,75,3,3,87,10,3,14,2,45,
p11,deepseek_r1,system_any_spacing,storm,AL132023,structured_state,1,29,1,1,1,1,76,3,4,8,79,80,0,0,0,8,134,88,80,54,80,79,12,12,80,10,7,8,8,46,
p11,deepseek_r1,system_any_spacing,storm,AL132023,answer_history,0,28,,6,,,71,0,0,16,71,76,0,0,0,12,134,85,77,51,77,72,0,0,77,20,12,21,8,49,
p11,deepseek_r1,system_any_spacing,transition,changed_wind,snapshot,0,2,,13,,,25,0,0,4,25,38,0,0,0,0,96,42,38,31,38,25,1,1,38,3,2,5,4,54,
p11,deepseek_r1,system_any_spacing,transition,changed_wind,structured_state,0,13,,3,,,33,0,1,2,33,36,0,0,0,0,96,42,36,30,36,33,8,8,36,2,2,2,6,54,
p11,deepseek_r1,system_any_spacing,transition,changed_wind,answer_history,0,4,,4,,,31,0,0,0,31,33,0,0,0,0,96,41,35,27,34,34,3,3,35,0,2,1,6,55,
p11,deepseek_r1,system_any_spacing,transition,first_checkpoint,snapshot,1,57,1,16,,,125,1,1,37,126,142,0,0,0,23,144,144,142,89,141,127,13,13,141,28,19,46,2,,
p11,deepseek_r1,system_any_spacing,transition,first_checkpoint,structured_state,1,61,1,14,1,1,126,4,3,34,129,143,0,0,0,28,144,144,143,93,142,130,17,17,143,31,19,42,1,,
p11,deepseek_r1,system_any_spacing,transition,first_checkpoint,answer_history,1,66,1,22,,1,120,2,2,35,122,144,0,0,0,33,144,144,144,95,142,123,15,15,142,41,27,50,,,
p11,deepseek_r1,system_any_spacing,transition,first_explicit,snapshot,0,23,,17,,,66,0,0,12,66,83,0,0,0,0,97,85,83,67,83,66,2,2,82,10,1,19,2,12,
p11,deepseek_r1,system_any_spacing,transition,first_explicit,structured_state,0,18,,6,,,74,0,0,6,74,80,0,0,0,0,97,85,80,40,80,74,10,10,80,5,0,15,5,12,
p11,deepseek_r1,system_any_spacing,transition,first_explicit,answer_history,0,19,,14,,,68,1,0,7,68,79,0,0,0,0,97,85,82,42,82,71,8,8,81,5,3,16,3,12,
p11,deepseek_r1,system_any_spacing,transition,no_new_coverage,snapshot,0,13,,40,,,120,0,0,29,120,157,0,0,0,0,326,165,160,133,158,122,6,6,158,11,1,38,5,161,
p11,deepseek_r1,system_any_spacing,transition,no_new_coverage,structured_state,0,34,,11,,1,124,2,1,22,125,135,0,0,0,0,326,155,136,88,133,127,16,16,136,19,4,34,19,171,
p11,deepseek_r1,system_any_spacing,transition,no_new_coverage,answer_history,0,31,,25,,1,118,1,1,32,119,143,0,0,0,0,326,163,144,101,142,122,11,11,142,22,5,50,19,163,
p11,deepseek_r1,system_any_spacing,transition,still_not_stated,snapshot,0,60,,17,,,73,0,0,14,73,89,0,0,0,60,99,91,90,34,90,74,3,3,90,13,13,15,1,8,
p11,deepseek_r1,system_any_spacing,transition,still_not_stated,structured_state,0,39,,12,,1,73,1,1,6,74,86,0,0,0,39,99,93,86,39,86,74,6,6,86,7,7,7,7,6,
p11,deepseek_r1,system_any_spacing,transition,still_not_stated,answer_history,0,33,,12,,,73,0,0,7,73,85,0,0,0,33,99,91,85,38,85,73,18,18,85,15,15,10,6,8,
p11,deepseek_r1,system_any_spacing,transition,unchanged_wind,snapshot,0,1,,5,,,6,0,0,1,6,11,0,0,0,0,42,11,11,11,11,6,0,0,11,2,0,1,,31,
p11,deepseek_r1,system_any_spacing,transition,unchanged_wind,structured_state,0,1,,,,,10,0,0,1,10,10,0,0,0,0,42,11,10,5,10,10,0,0,10,1,0,3,1,31,
p11,deepseek_r1,system_any_spacing,transition,unchanged_wind,answer_history,0,4,,1,,,8,0,0,1,8,9,0,0,0,0,42,12,9,7,9,8,0,0,9,0,0,3,3,30,
p12,qwen3,system_default_spacing,method,all,snapshot,369,611,369,1,175,11,248,559,560,597,803,804,258,255,206,392,804,804,804,678,804,803,804,804,804,567,568,605,,,
p12,qwen3,system_default_spacing,method,all,structured_state,369,604,369,9,174,15,237,567,568,604,795,796,268,266,214,406,804,804,804,703,804,803,804,804,804,572,573,609,,,
p12,qwen3,system_default_spacing,method,all,answer_history,322,550,322,,139,6,337,489,484,524,804,804,272,255,190,398,804,804,804,682,804,804,804,804,804,517,511,558,,,
p12,qwen3,system_default_spacing,status,DISSIPATED,snapshot,2,6,2,,,,8,2,2,2,10,10,2,2,2,5,10,10,10,5,10,10,10,10,10,6,6,6,,,
p12,qwen3,system_default_spacing,status,DISSIPATED,structured_state,7,10,7,,1,,2,8,8,8,10,10,7,7,7,7,10,10,10,10,10,10,10,10,10,8,8,8,,,
p12,qwen3,system_default_spacing,status,DISSIPATED,answer_history,4,6,4,,2,2,2,8,8,8,10,10,4,4,4,4,10,10,10,8,10,10,10,10,10,10,10,10,,,
p12,qwen3,system_default_spacing,status,not_stated,snapshot,176,182,176,,,,20,176,176,176,196,196,0,0,0,182,196,196,196,185,196,196,196,196,196,177,177,176,,,
p12,qwen3,system_default_spacing,status,not_stated,structured_state,184,186,184,3,,1,8,185,185,185,193,194,0,0,0,186,196,196,196,188,196,195,196,196,196,187,187,187,,,
p12,qwen3,system_default_spacing,status,not_stated,answer_history,185,186,185,,,2,9,187,187,187,196,196,0,0,0,186,196,196,196,188,196,196,196,196,196,188,188,188,,,
p12,qwen3,system_default_spacing,status,numeric,snapshot,191,423,191,1,175,11,220,381,382,419,597,598,256,253,204,205,598,598,598,488,598,597,598,598,598,384,385,423,,,
p12,qwen3,system_default_spacing,status,numeric,structured_state,178,408,178,6,173,14,227,374,375,411,592,592,261,259,207,213,598,598,598,505,598,598,598,598,598,377,378,414,,,
p12,qwen3,system_default_spacing,status,numeric,answer_history,133,358,133,,137,2,326,294,289,329,598,598,268,251,186,208,598,598,598,486,598,598,598,598,598,319,313,360,,,
p12,qwen3,system_default_spacing,storm,AL052019,snapshot,65,107,65,,32,1,36,99,98,101,134,134,43,42,35,70,134,134,134,113,134,134,134,134,134,100,99,101,,,
p12,qwen3,system_default_spacing,storm,AL052019,structured_state,67,115,67,,28,2,37,100,97,102,134,134,40,38,33,70,134,134,134,124,134,134,134,134,134,103,100,105,,,
p12,qwen3,system_default_spacing,storm,AL052019,answer_history,64,101,64,,20,1,49,85,85,90,134,134,41,41,33,73,134,134,134,115,134,134,134,134,134,92,92,99,,,
p12,qwen3,system_default_spacing,storm,AL072022,snapshot,57,100,57,,33,5,39,96,97,108,134,134,37,37,29,58,134,134,134,118,134,134,134,134,134,96,97,108,,,
p12,qwen3,system_default_spacing,storm,AL072022,structured_state,55,101,55,,42,5,32,102,104,110,134,134,35,35,29,60,134,134,134,123,134,134,134,134,134,102,104,110,,,
p12,qwen3,system_default_spacing,storm,AL072022,answer_history,57,93,57,,22,1,54,82,84,89,134,134,51,46,37,66,134,134,134,125,134,134,134,134,134,82,84,89,,,
p12,qwen3,system_default_spacing,storm,AL082021,snapshot,55,103,55,1,33,2,43,92,93,108,133,134,43,41,32,62,134,134,134,119,134,133,134,134,134,92,93,109,,,
p12,qwen3,system_default_spacing,storm,AL082021,structured_state,56,92,56,1,28,1,48,86,88,102,133,133,51,51,38,67,134,134,134,116,134,134,134,134,134,87,89,103,,,
p12,qwen3,system_default_spacing,storm,AL082021,answer_history,45,89,45,,33,2,54,88,82,91,134,134,48,44,19,58,134,134,134,111,134,134,134,134,134,93,86,96,,,
p12,qwen3,system_default_spacing,storm,AL092020,snapshot,60,98,60,,29,1,44,90,90,93,134,134,41,41,33,60,134,134,134,112,134,134,134,134,134,90,90,93,,,
p12,qwen3,system_default_spacing,storm,AL092020,structured_state,64,94,64,1,16,4,49,87,86,98,133,133,48,48,42,73,134,134,134,114,134,134,134,134,134,88,87,99,,,
p12,qwen3,system_default_spacing,storm,AL092020,answer_history,42,91,42,,31,,61,81,73,95,134,134,44,37,24,55,134,134,134,117,134,134,134,134,134,81,73,95,,,
p12,qwen3,system_default_spacing,storm,AL092024,snapshot,65,107,65,,27,2,40,94,94,97,134,134,50,50,36,71,134,134,134,114,134,134,134,134,134,101,101,104,,,
p12,qwen3,system_default_spacing,storm,AL092024,structured_state,69,111,69,1,33,1,30,104,103,105,133,133,54,54,41,73,134,134,134,121,134,134,134,134,134,104,103,105,,,
p12,qwen3,system_default_spacing,storm,AL092024,answer_history,61,99,61,,15,2,56,78,80,86,134,134,50,50,43,78,134,134,134,110,134,134,134,134,134,93,95,106,,,
p12,qwen3,system_default_spacing,storm,AL132023,snapshot,67,96,67,,21,,46,88,88,90,134,134,44,44,41,71,134,134,134,102,134,134,134,134,134,88,88,90,,,
p12,qwen3,system_default_spacing,storm,AL132023,structured_state,58,91,58,6,27,2,41,88,90,87,128,129,40,40,31,63,134,134,134,105,134,133,134,134,134,88,90,87,,,
p12,qwen3,system_default_spacing,storm,AL132023,answer_history,53,77,53,,18,,63,75,80,73,134,134,38,37,34,68,134,134,134,104,134,134,134,134,134,76,81,73,,,
p12,qwen3,system_default_spacing,transition,changed_wind,snapshot,39,83,39,,33,,24,74,72,78,96,96,52,51,43,43,96,96,96,92,96,96,96,96,96,74,72,78,,,
p12,qwen3,system_default_spacing,transition,changed_wind,structured_state,27,59,27,1,28,,40,58,57,55,95,95,44,44,38,39,96,96,96,93,96,96,96,96,96,58,57,55,,,
p12,qwen3,system_default_spacing,transition,changed_wind,answer_history,6,20,6,,7,,83,18,19,21,96,96,46,43,34,36,96,96,96,91,96,96,96,96,96,18,19,21,,,
p12,qwen3,system_default_spacing,transition,first_checkpoint,snapshot,108,137,108,,24,,12,132,132,132,144,144,35,35,22,113,144,144,144,138,144,144,144,144,144,133,133,132,,,
p12,qwen3,system_default_spacing,transition,first_checkpoint,structured_state,116,137,116,1,18,1,8,135,135,136,143,144,33,33,25,116,144,144,144,137,144,143,144,144,144,135,135,136,,,
p12,qwen3,system_default_spacing,transition,first_checkpoint,answer_history,108,133,108,,22,2,12,133,132,134,144,144,29,28,18,110,144,144,144,135,144,144,144,144,144,133,132,134,,,
p12,qwen3,system_default_spacing,transition,first_explicit,snapshot,34,80,34,,27,,36,62,61,67,97,97,40,39,36,39,97,97,97,76,97,97,97,97,97,65,64,70,,,
p12,qwen3,system_default_spacing,transition,first_explicit,structured_state,26,68,26,,27,,44,53,54,58,97,97,35,35,26,27,97,97,97,70,97,97,97,97,97,53,54,58,,,
p12,qwen3,system_default_spacing,transition,first_explicit,answer_history,29,72,29,,25,1,42,59,56,60,97,97,39,37,29,32,97,97,97,70,97,97,97,97,97,65,62,66,,,
p12,qwen3,system_default_spacing,transition,no_new_coverage,snapshot,79,183,79,1,80,11,155,171,174,192,325,326,106,105,84,85,326,326,326,237,326,325,326,326,326,175,178,197,,,
p12,qwen3,system_default_spacing,transition,no_new_coverage,structured_state,97,222,97,5,91,14,119,206,206,222,321,321,131,130,106,110,326,326,326,266,326,326,326,326,326,209,209,225,,,
p12,qwen3,system_default_spacing,transition,no_new_coverage,answer_history,81,219,81,,81,3,161,175,173,190,326,326,142,133,101,115,326,326,326,257,326,326,326,326,326,194,192,212,,,
p12,qwen3,system_default_spacing,transition,still_not_stated,snapshot,90,91,90,,,,9,90,90,90,99,99,0,0,0,91,99,99,99,93,99,99,99,99,99,90,90,90,,,
p12,qwen3,system_default_spacing,transition,still_not_stated,structured_state,93,95,93,2,,,4,93,93,93,97,97,0,0,0,95,99,99,99,95,99,99,99,99,99,95,95,95,,,
p12,qwen3,system_default_spacing,transition,still_not_stated,answer_history,94,94,94,,,,5,94,94,94,99,99,0,0,0,94,99,99,99,94,99,99,99,99,99,95,95,95,,,
p12,qwen3,system_default_spacing,transition,unchanged_wind,snapshot,19,37,19,,11,,12,30,31,38,42,42,25,25,21,21,42,42,42,42,42,42,42,42,42,30,31,38,,,
p12,qwen3,system_default_spacing,transition,unchanged_wind,structured_state,10,23,10,,10,,22,22,23,40,42,42,25,24,19,19,42,42,42,42,42,42,42,42,42,22,23,40,,,
p12,qwen3,system_default_spacing,transition,unchanged_wind,answer_history,4,12,4,,4,,34,10,10,25,42,42,16,14,8,11,42,42,42,35,42,42,42,42,42,12,11,30,,,
p12,deepseek_r1,system_default_spacing,method,all,snapshot,3,165,3,162,1,1,497,6,6,107,502,662,1,1,0,97,804,667,664,488,655,509,36,36,654,58,23,142,3,137,
p12,deepseek_r1,system_default_spacing,method,all,structured_state,1,182,1,115,,3,531,8,4,99,535,646,0,0,0,73,804,661,650,442,642,545,83,83,644,62,22,138,11,143,
p12,deepseek_r1,system_default_spacing,method,all,answer_history,5,205,5,85,,,539,7,7,99,544,623,0,0,0,80,804,666,629,402,628,548,79,79,624,86,43,147,37,138,
p12,deepseek_r1,system_default_spacing,status,DISSIPATED,snapshot,0,0,,2,,,3,0,0,0,3,5,0,0,0,0,10,5,5,1,5,3,0,0,5,0,0,0,,5,
p12,deepseek_r1,system_default_spacing,status,DISSIPATED,structured_state,0,1,,,,,7,0,0,0,7,7,0,0,0,0,10,7,7,0,7,7,0,0,7,0,0,0,,3,
p12,deepseek_r1,system_default_spacing,status,DISSIPATED,answer_history,0,1,,2,,,3,0,0,0,3,5,0,0,0,0,10,5,5,0,5,3,0,0,5,0,0,0,,5,
p12,deepseek_r1,system_default_spacing,status,not_stated,snapshot,3,97,3,35,,1,156,4,4,26,160,194,0,0,0,97,196,196,195,100,194,162,16,16,194,17,17,29,1,,
p12,deepseek_r1,system_default_spacing,status,not_stated,structured_state,1,73,1,37,,3,155,4,4,27,159,195,0,0,0,73,196,196,196,118,194,162,26,26,196,17,17,28,,,
p12,deepseek_r1,system_default_spacing,status,not_stated,answer_history,5,80,5,23,,,165,5,5,36,170,193,0,0,0,80,196,196,193,109,193,170,27,27,193,34,34,37,3,,
p12,deepseek_r1,system_default_spacing,status,numeric,snapshot,0,68,,125,1,,338,2,2,81,339,463,1,1,0,0,598,466,464,387,456,344,20,20,455,41,6,113,2,132,
p12,deepseek_r1,system_default_spacing,status,numeric,structured_state,0,108,,78,,,369,4,0,72,369,444,0,0,0,0,598,458,447,324,441,376,57,57,441,45,5,110,11,140,
p12,deepseek_r1,system_default_spacing,status,numeric,answer_history,0,124,,60,,,371,2,2,63,371,425,0,0,0,0,598,465,431,293,430,375,52,52,426,52,9,110,34,133,
p12,deepseek_r1,system_default_spacing,storm,AL052019,snapshot,1,28,1,21,,,86,1,1,18,87,108,0,0,0,15,134,111,108,78,103,90,6,6,107,12,5,22,3,23,
p12,deepseek_r1,system_default_spacing,storm,AL052019,structured_state,0,23,,18,,1,93,1,1,19,94,112,0,0,0,6,134,114,112,74,108,98,15,15,111,15,10,30,2,20,
p12,deepseek_r1,system_default_spacing,storm,AL052019,answer_history,0,25,,8,,,100,0,0,11,100,108,0,0,0,10,134,111,108,71,108,100,9,9,108,25,15,21,3,23,
p12,deepseek_r1,system_default_spacing,storm,AL072022,snapshot,1,25,1,26,,,83,1,1,22,84,110,0,0,0,13,134,110,110,82,109,84,4,4,107,14,4,33,,24,
p12,deepseek_r1,system_default_spacing,storm,AL072022,structured_state,0,40,,17,,2,90,4,2,24,92,109,0,0,0,13,134,111,109,80,108,92,10,10,108,21,6,35,2,23,
p12,deepseek_r1,system_default_spacing,storm,AL072022,answer_history,0,31,,13,,,87,0,2,27,87,100,0,0,0,10,134,110,100,65,100,87,23,23,100,18,8,37,10,24,
p12,deepseek_r1,system_default_spacing,storm,AL082021,snapshot,0,26,,37,,1,75,1,1,16,76,113,0,0,0,17,134,113,113,80,113,76,7,7,111,8,5,22,,21,
p12,deepseek_r1,system_default_spacing,storm,AL082021,structured_state,0,21,,21,,,89,0,0,16,89,110,0,0,0,10,134,110,110,65,110,89,20,20,110,2,0,24,,24,
p12,deepseek_r1,system_default_spacing,storm,AL082021,answer_history,2,42,2,20,,,90,2,2,18,92,111,0,0,0,15,134,114,112,74,112,93,26,26,112,7,3,25,2,20,
p12,deepseek_r1,system_default_spacing,storm,AL092020,snapshot,0,30,,32,,,80,0,0,21,80,111,0,0,0,21,134,112,112,87,111,81,7,7,109,5,3,29,,22,
p12,deepseek_r1,system_default_spacing,storm,AL092020,structured_state,0,28,,22,,,78,0,0,19,78,98,0,0,0,14,134,106,100,74,97,82,10,10,96,6,3,23,6,28,
p12,deepseek_r1,system_default_spacing,storm,AL092020,answer_history,3,36,3,16,,,78,5,3,16,81,95,0,0,0,17,134,111,97,56,96,82,21,21,93,11,7,24,14,23,
p12,deepseek_r1,system_default_spacing,storm,AL092024,snapshot,1,25,1,21,,,88,1,1,14,89,109,0,0,0,15,134,110,110,76,109,91,6,6,110,10,2,16,,24,
p12,deepseek_r1,system_default_spacing,storm,AL092024,structured_state,0,38,,22,,,88,2,0,9,88,110,0,0,0,18,134,110,110,66,110,88,9,9,110,10,1,9,,24,
p12,deepseek_r1,system_default_spacing,storm,AL092024,answer_history,0,35,,19,,,93,0,0,7,93,111,0,0,0,13,134,113,112,69,112,94,0,0,112,8,4,14,1,21,
p12,deepseek_r1,system_default_spacing,storm,AL132023,snapshot,0,31,,25,1,,85,2,2,16,86,111,1,1,0,16,134,111,111,85,110,87,6,6,110,9,4,20,,23,
p12,deepseek_r1,system_default_spacing,storm,AL132023,structured_state,1,32,1,15,,,93,1,1,12,94,107,0,0,0,12,134,110,109,83,109,96,19,19,109,8,2,17,1,24,
p12,deepseek_r1,system_default_spacing,storm,AL132023,answer_history,0,36,,9,,,91,0,0,20,91,98,0,0,0,15,134,107,100,67,100,92,0,0,99,17,6,26,7,27,
p12,deepseek_r1,system_default_spacing,transition,changed_wind,snapshot,0,1,,16,,,51,0,0,8,51,67,0,0,0,0,96,67,67,59,65,52,3,3,66,3,1,11,,29,
p12,deepseek_r1,system_default_spacing,transition,changed_wind,structured_state,0,11,,8,,,48,1,0,4,48,56,0,0,0,0,96,60,56,45,56,48,9,9,56,4,0,7,4,36,
p12,deepseek_r1,system_default_spacing,transition,changed_wind,answer_history,0,18,,3,,,50,0,0,4,50,52,0,0,0,0,96,59,53,38,53,51,5,5,52,0,1,5,6,37,
p12,deepseek_r1,system_default_spacing,transition,first_checkpoint,snapshot,3,60,3,17,1,1,121,6,6,33,126,143,1,1,0,26,144,144,143,92,142,127,22,22,143,26,15,45,1,,
p12,deepseek_r1,system_default_spacing,transition,first_checkpoint,structured_state,1,64,1,18,,2,123,4,3,31,126,144,0,0,0,25,144,144,144,94,142,128,18,18,144,26,14,39,,,
p12,deepseek_r1,system_default_spacing,transition,first_checkpoint,answer_history,4,75,4,18,,,122,4,5,37,126,144,0,0,0,36,144,144,144,95,144,126,18,18,144,42,25,53,,,
p12,deepseek_r1,system_default_spacing,transition,first_explicit,snapshot,0,20,,18,,,70,0,0,17,70,88,0,0,0,0,97,89,88,75,86,71,3,3,88,8,0,22,1,8,
p12,deepseek_r1,system_default_spacing,transition,first_explicit,structured_state,0,20,,17,,,75,0,0,9,75,91,0,0,0,0,97,92,92,51,92,76,11,11,91,2,0,19,,5,
p12,deepseek_r1,system_default_spacing,transition,first_explicit,answer_history,0,18,,10,,,75,0,0,8,75,85,0,0,0,0,97,89,85,53,85,75,12,12,84,3,1,18,4,8,
p12,deepseek_r1,system_default_spacing,transition,no_new_coverage,snapshot,0,13,,83,,,163,0,0,37,163,245,0,0,0,0,326,247,246,208,242,166,4,4,239,14,1,49,1,79,
p12,deepseek_r1,system_default_spacing,transition,no_new_coverage,structured_state,0,37,,45,,,196,2,0,41,196,240,0,0,0,0,326,248,241,192,238,200,31,31,237,25,3,56,7,78,
p12,deepseek_r1,system_default_spacing,transition,no_new_coverage,answer_history,0,43,,38,,,191,2,1,36,191,225,0,0,0,0,326,250,229,165,228,194,29,29,227,29,4,56,21,76,
p12,deepseek_r1,system_default_spacing,transition,still_not_stated,snapshot,0,71,,20,,,79,0,0,10,79,98,0,0,0,71,99,99,99,34,99,80,4,4,98,6,6,11,,,
p12,deepseek_r1,system_default_spacing,transition,still_not_stated,structured_state,0,48,,23,,1,75,1,1,8,76,98,0,0,0,48,99,99,99,46,98,78,13,13,99,5,5,9,,,
p12,deepseek_r1,system_default_spacing,transition,still_not_stated,answer_history,1,44,1,12,,,83,1,1,9,84,96,0,0,0,44,99,99,96,33,96,84,13,13,96,12,12,10,3,,
p12,deepseek_r1,system_default_spacing,transition,unchanged_wind,snapshot,0,0,,8,,,13,0,0,2,13,21,0,0,0,0,42,21,21,20,21,13,0,0,20,1,0,4,,21,
p12,deepseek_r1,system_default_spacing,transition,unchanged_wind,structured_state,0,2,,4,,,14,0,0,6,14,17,0,0,0,0,42,18,18,14,16,15,1,1,17,0,0,8,,24,
p12,deepseek_r1,system_default_spacing,transition,unchanged_wind,answer_history,0,7,,4,,,18,0,0,5,18,21,0,0,0,0,42,25,22,18,22,18,2,2,21,0,0,5,3,17,
p13,deepseek_r1,user_default_spacing,method,all,snapshot,0,171,,167,1,1,513,5,4,95,515,681,1,1,0,92,804,686,682,473,676,518,40,40,672,67,33,145,4,118,
p13,deepseek_r1,user_default_spacing,method,all,structured_state,3,165,3,87,,,585,7,4,94,589,673,0,0,4,66,804,686,676,425,673,595,140,140,674,74,19,165,10,118,1
p13,deepseek_r1,user_default_spacing,method,all,answer_history,3,193,3,84,1,,565,4,5,96,569,646,0,0,1,55,804,692,653,429,653,574,91,91,649,81,31,156,39,112,
p13,deepseek_r1,user_default_spacing,status,DISSIPATED,snapshot,0,0,,2,,,4,0,0,0,4,6,0,0,0,0,10,6,6,1,6,4,1,1,6,0,0,0,,4,
p13,deepseek_r1,user_default_spacing,status,DISSIPATED,structured_state,0,1,,2,,,5,0,0,0,5,7,0,0,0,0,10,7,7,1,7,5,2,2,7,0,0,0,,3,
p13,deepseek_r1,user_default_spacing,status,DISSIPATED,answer_history,0,0,,,,,6,0,0,0,6,6,0,0,0,0,10,6,6,0,6,6,0,0,6,1,1,0,,4,
p13,deepseek_r1,user_default_spacing,status,not_stated,snapshot,0,92,,42,,1,151,2,2,24,152,194,0,0,0,92,196,196,194,98,193,153,15,15,194,22,22,27,2,,
p13,deepseek_r1,user_default_spacing,status,not_stated,structured_state,3,62,3,17,,,173,4,4,13,177,193,0,0,0,62,196,196,194,121,194,178,44,44,194,10,10,16,2,,1
p13,deepseek_r1,user_default_spacing,status,not_stated,answer_history,3,51,3,20,,,166,3,3,26,169,188,0,0,0,51,196,196,189,119,189,170,13,13,189,25,25,30,7,,
p13,deepseek_r1,user_default_spacing,status,numeric,snapshot,0,79,,123,1,,358,3,2,71,359,481,1,1,0,0,598,484,482,374,477,361,24,24,472,45,11,118,2,114,
p13,deepseek_r1,user_default_spacing,status,numeric,structured_state,0,102,,68,,,407,3,0,81,407,473,0,0,4,4,598,483,475,303,472,412,94,94,473,64,9,149,8,115,
p13,deepseek_r1,user_default_spacing,status,numeric,answer_history,0,142,,64,1,,393,1,2,70,394,452,0,0,1,4,598,490,458,310,458,398,78,78,454,55,5,126,32,108,
p13,deepseek_r1,user_default_spacing,storm,AL052019,snapshot,0,31,,34,,,80,1,1,21,80,114,0,0,0,16,134,114,114,85,111,81,3,3,113,12,9,27,,20,
p13,deepseek_r1,user_default_spacing,storm,AL052019,structured_state,1,25,1,8,,,103,3,1,11,104,112,0,0,0,7,134,114,112,77,112,104,18,18,112,17,3,22,2,20,
p13,deepseek_r1,user_default_spacing,storm,AL052019,answer_history,0,27,,19,,,95,0,0,18,95,113,0,0,0,5,134,115,114,81,114,96,0,0,114,14,7,29,1,19,
p13,deepseek_r1,user_default_spacing,storm,AL072022,snapshot,0,31,,27,,,88,0,0,19,88,114,0,0,0,14,134,115,115,81,114,88,7,7,112,16,6,35,,19,
p13,deepseek_r1,user_default_spacing,storm,AL072022,structured_state,0,31,,16,,,94,0,0,23,94,110,0,0,2,10,134,114,110,75,110,94,26,26,110,12,5,42,4,20,
p13,deepseek_r1,user_default_spacing,storm,AL072022,answer_history,1,33,1,12,,,92,1,1,28,93,104,0,0,0,10,134,114,105,70,105,94,14,14,104,17,9,44,9,20,
p13,deepseek_r1,user_default_spacing,storm,AL082021,snapshot,0,28,,37,,,77,2,1,15,77,114,0,0,0,14,134,114,114,84,114,77,10,10,113,11,3,23,,20,
p13,deepseek_r1,user_default_spacing,storm,AL082021,structured_state,0,29,,12,,,101,0,0,15,101,113,0,0,0,11,134,114,113,67,113,101,39,39,113,10,1,25,1,20,
p13,deepseek_r1,user_default_spacing,storm,AL082021,answer_history,1,35,1,13,,,97,1,2,19,98,111,0,0,0,8,134,116,111,68,111,98,26,26,111,10,7,27,5,18,
p13,deepseek_r1,user_default_spacing,storm,AL092020,snapshot,0,27,,18,1,,93,1,1,16,94,112,1,1,0,17,134,114,112,75,112,94,7,7,108,6,4,29,2,20,
p13,deepseek_r1,user_default_spacing,storm,AL092020,structured_state,1,27,1,18,,,92,2,2,17,94,111,0,0,0,12,134,114,112,63,112,95,19,19,110,6,2,34,2,20,1
p13,deepseek_r1,user_default_spacing,storm,AL092020,answer_history,0,30,,13,,,91,0,0,12,91,100,0,0,1,13,134,116,104,65,104,93,12,12,101,12,2,27,12,18,
p13,deepseek_r1,user_default_spacing,storm,AL092024,snapshot,0,26,,24,,1,89,1,1,12,90,114,0,0,0,15,134,114,114,74,114,90,10,10,114,14,7,15,,20,
p13,deepseek_r1,user_default_spacing,storm,AL092024,structured_state,0,31,,13,,,101,0,0,11,101,114,0,0,2,14,134,115,114,67,113,102,10,10,114,16,2,17,1,19,
p13,deepseek_r1,user_default_spacing,storm,AL092024,answer_history,1,31,1,16,1,,90,2,2,9,92,108,0,0,0,7,134,117,108,71,108,92,19,19,108,18,4,12,9,17,
p13,deepseek_r1,user_default_spacing,storm,AL132023,snapshot,0,28,,27,,,86,0,0,12,86,113,0,0,0,16,134,115,113,74,111,88,3,3,112,8,4,16,2,19,
p13,deepseek_r1,user_default_spacing,storm,AL132023,structured_state,1,22,1,20,,,94,2,1,17,95,113,0,0,0,12,134,115,115,76,113,99,28,28,115,13,6,25,,19,
p13,deepseek_r1,user_default_spacing,storm,AL132023,answer_history,0,37,,11,,,100,0,0,10,100,110,0,0,0,12,134,114,111,74,111,101,20,20,111,10,2,17,3,20,
p13,deepseek_r1,user_default_spacing,transition,changed_wind,snapshot,0,1,,20,,,54,0,0,7,54,74,0,0,0,0,96,74,74,68,73,55,3,3,72,2,0,9,,22,
p13,deepseek_r1,user_default_spacing,transition,changed_wind,structured_state,0,5,,9,,,64,1,0,6,64,72,0,0,1,1,96,74,73,56,73,65,15,15,72,2,1,9,1,22,
p13,deepseek_r1,user_default_spacing,transition,changed_wind,answer_history,0,25,,7,,,59,0,0,5,59,65,0,0,0,0,96,73,66,54,66,60,17,17,65,1,0,6,7,23,
p13,deepseek_r1,user_default_spacing,transition,first_checkpoint,snapshot,0,63,,24,1,1,116,4,4,23,118,142,1,1,0,22,144,144,142,83,141,119,24,24,142,34,21,41,2,,
p13,deepseek_r1,user_default_spacing,transition,first_checkpoint,structured_state,3,63,3,14,,,124,4,4,27,128,142,0,0,1,28,144,144,142,90,140,130,29,29,142,30,13,46,2,,1
p13,deepseek_r1,user_default_spacing,transition,first_checkpoint,answer_history,2,61,2,16,1,,122,3,3,29,125,141,0,0,1,24,144,144,141,93,141,125,20,20,141,37,21,45,3,,
p13,deepseek_r1,user_default_spacing,transition,first_explicit,snapshot,0,26,,13,,,78,0,0,24,78,91,0,0,0,0,97,91,91,66,91,78,5,5,90,9,2,33,,6,
p13,deepseek_r1,user_default_spacing,transition,first_explicit,structured_state,0,17,,9,,,81,1,0,12,81,90,0,0,0,0,97,91,90,42,90,81,21,21,90,6,0,22,1,6,
p13,deepseek_r1,user_default_spacing,transition,first_explicit,answer_history,0,29,,12,,,76,0,0,10,76,87,0,0,0,0,97,91,88,47,88,76,9,9,88,7,0,20,3,6,
p13,deepseek_r1,user_default_spacing,transition,no_new_coverage,snapshot,0,10,,79,,,174,1,0,31,174,252,0,0,0,0,326,254,253,205,250,174,6,6,247,12,1,50,1,72,
p13,deepseek_r1,user_default_spacing,transition,no_new_coverage,structured_state,0,38,,39,,,210,1,0,43,210,248,0,0,2,2,326,254,249,173,248,212,49,49,248,35,4,81,5,72,
p13,deepseek_r1,user_default_spacing,transition,no_new_coverage,answer_history,0,39,,40,,,201,0,1,41,201,237,0,0,0,1,326,259,241,169,241,204,37,37,238,29,3,71,18,67,
p13,deepseek_r1,user_default_spacing,transition,still_not_stated,snapshot,0,70,,21,,,78,0,0,9,78,99,0,0,0,70,99,99,99,35,98,79,2,2,99,9,9,10,,,
p13,deepseek_r1,user_default_spacing,transition,still_not_stated,structured_state,0,35,,10,,,89,0,0,1,89,98,0,0,0,35,99,99,99,48,99,90,22,22,99,1,1,2,,,
p13,deepseek_r1,user_default_spacing,transition,still_not_stated,answer_history,1,30,1,7,,,87,1,1,7,88,94,0,0,0,30,99,99,95,48,95,89,4,4,95,7,7,10,4,,
p13,deepseek_r1,user_default_spacing,transition,unchanged_wind,snapshot,0,1,,10,,,13,0,0,1,13,23,0,0,0,0,42,24,23,16,23,13,0,0,22,1,0,2,1,18,
p13,deepseek_r1,user_default_spacing,transition,unchanged_wind,structured_state,0,7,,6,,,17,0,0,5,17,23,0,0,0,0,42,24,23,16,23,17,4,4,23,0,0,5,1,18,
p13,deepseek_r1,user_default_spacing,transition,unchanged_wind,answer_history,0,9,,2,,,20,0,0,4,20,22,0,0,0,0,42,26,22,18,22,20,4,4,22,0,0,4,4,16,
p14,qwen3,user_default_spacing,method,all,snapshot,315,452,315,,107,6,115,431,433,447,543,543,182,182,139,323,804,543,543,475,543,543,543,543,543,433,435,449,,261,
p14,qwen3,user_default_spacing,method,all,structured_state,340,482,340,1,104,5,90,457,455,465,539,539,204,202,158,350,804,540,540,497,540,540,540,540,540,466,464,471,,264,
p14,qwen3,user_default_spacing,method,all,answer_history,297,456,297,,128,4,116,430,439,454,545,545,193,193,130,312,804,545,545,489,545,545,545,545,545,432,441,457,,259,
p14,qwen3,user_default_spacing,status,DISSIPATED,snapshot,2,3,2,,,,1,2,2,2,3,3,2,2,2,3,10,3,3,3,3,3,3,3,3,2,2,2,,7,
p14,qwen3,user_default_spacing,status,DISSIPATED,structured_state,2,2,2,,,1,,3,3,3,3,3,2,2,2,2,10,3,3,3,3,3,3,3,3,3,3,3,,7,
p14,qwen3,user_default_spacing,status,DISSIPATED,answer_history,1,1,1,,,,1,1,1,1,2,2,1,1,1,1,10,2,2,1,2,2,2,2,2,2,2,2,,8,
p14,qwen3,user_default_spacing,status,not_stated,snapshot,180,180,180,,,,9,180,180,180,189,189,0,0,0,180,196,189,189,181,189,189,189,189,189,180,180,180,,7,
p14,qwen3,user_default_spacing,status,not_stated,structured_state,188,188,188,,,,2,188,188,188,190,190,0,0,0,188,196,190,190,188,190,190,190,190,190,188,188,188,,6,
p14,qwen3,user_default_spacing,status,not_stated,answer_history,181,181,181,,,,7,181,181,181,188,188,0,0,0,181,196,188,188,181,188,188,188,188,188,181,181,181,,8,
p14,qwen3,user_default_spacing,status,numeric,snapshot,133,269,133,,107,6,105,249,251,265,351,351,180,180,137,140,598,351,351,291,351,351,351,351,351,251,253,267,,247,
p14,qwen3,user_default_spacing,status,numeric,structured_state,150,292,150,1,104,4,88,266,264,274,346,346,202,200,156,160,598,347,347,306,347,347,347,347,347,275,273,280,,251,
p14,qwen3,user_default_spacing,status,numeric,answer_history,115,274,115,,128,4,108,248,257,272,355,355,192,192,129,130,598,355,355,307,355,355,355,355,355,249,258,274,,243,
p14,qwen3,user_default_spacing,storm,AL052019,snapshot,51,70,51,,16,2,20,70,70,72,89,89,26,26,18,52,134,89,89,75,89,89,89,89,89,70,70,72,,45,
p14,qwen3,user_default_spacing,storm,AL052019,structured_state,68,88,68,1,11,,12,82,80,81,91,91,40,38,36,74,134,92,92,86,92,92,92,92,92,85,83,84,,42,
p14,qwen3,user_default_spacing,storm,AL052019,answer_history,57,80,57,,21,,13,78,78,80,91,91,35,35,25,60,134,91,91,82,91,91,91,91,91,78,78,80,,43,
p14,qwen3,user_default_spacing,storm,AL072022,snapshot,53,78,53,,22,1,15,76,76,81,91,91,33,33,25,54,134,91,91,83,91,91,91,91,91,76,76,81,,43,
p14,qwen3,user_default_spacing,storm,AL072022,structured_state,54,84,54,,19,,20,76,74,76,93,93,28,28,23,54,134,93,93,82,93,93,93,93,93,82,80,79,,41,
p14,qwen3,user_default_spacing,storm,AL072022,answer_history,48,78,48,,26,1,15,75,75,77,90,90,33,33,21,50,134,90,90,81,90,90,90,90,90,76,76,78,,44,
p14,qwen3,user_default_spacing,storm,AL082021,snapshot,54,72,54,,15,1,21,71,72,74,91,91,31,31,25,57,134,91,91,77,91,91,91,91,91,71,72,74,,43,
p14,qwen3,user_default_spacing,storm,AL082021,structured_state,53,72,53,,19,1,15,73,73,78,88,88,35,35,22,53,134,88,88,79,88,88,88,88,88,73,73,78,,46,
p14,qwen3,user_default_spacing,storm,AL082021,answer_history,51,76,51,,23,,20,75,76,84,94,94,37,37,27,56,134,94,94,87,94,94,94,94,94,75,76,84,,40,
p14,qwen3,user_default_spacing,storm,AL092020,snapshot,50,79,50,,21,1,19,73,73,78,91,91,28,28,21,51,134,91,91,83,91,91,91,91,91,73,73,78,,43,
p14,qwen3,user_default_spacing,storm,AL092020,structured_state,50,81,50,,23,2,13,77,75,79,88,88,30,30,20,50,134,88,88,85,88,88,88,88,88,77,75,79,,46,
p14,qwen3,user_default_spacing,storm,AL092020,answer_history,42,74,42,,24,,24,66,68,73,90,90,27,27,15,42,134,90,90,78,90,90,90,90,90,66,68,73,,44,
p14,qwen3,user_default_spacing,storm,AL092024,snapshot,51,79,51,,21,,19,72,73,72,91,91,30,30,21,53,134,91,91,81,91,91,91,91,91,73,74,73,,43,
p14,qwen3,user_default_spacing,storm,AL092024,structured_state,52,83,52,,25,2,11,79,83,81,90,90,36,36,24,55,134,90,90,89,90,90,90,90,90,79,83,81,,44,
p14,qwen3,user_default_spacing,storm,AL092024,answer_history,44,74,44,,19,1,25,64,67,68,89,89,32,32,17,47,134,89,89,81,89,89,89,89,89,65,68,70,,45,
p14,qwen3,user_default_spacing,storm,AL132023,snapshot,56,74,56,,12,1,21,69,69,70,90,90,34,34,29,56,134,90,90,76,90,90,90,90,90,70,70,71,,44,
p14,qwen3,user_default_spacing,storm,AL132023,structured_state,63,74,63,,7,,19,70,70,70,89,89,35,35,33,64,134,89,89,76,89,89,89,89,89,70,70,70,,45,
p14,qwen3,user_default_spacing,storm,AL132023,answer_history,55,74,55,,15,2,19,72,75,72,91,91,29,29,25,57,134,91,91,80,91,91,91,91,91,72,75,72,,43,
p14,qwen3,user_default_spacing,transition,changed_wind,snapshot,26,44,26,,15,,3,41,41,42,44,44,32,32,26,26,96,44,44,44,44,44,44,44,44,41,41,42,,52,
p14,qwen3,user_default_spacing,transition,changed_wind,structured_state,17,34,17,,13,,14,32,32,30,44,44,23,23,20,20,96,44,44,44,44,44,44,44,44,32,32,30,,52,
p14,qwen3,user_default_spacing,transition,changed_wind,answer_history,6,28,6,,17,,20,23,26,24,43,43,22,22,12,13,96,43,43,43,43,43,43,43,43,23,26,24,,53,
p14,qwen3,user_default_spacing,transition,first_checkpoint,snapshot,115,137,115,,20,,9,135,135,137,144,144,33,33,22,115,144,144,144,137,144,144,144,144,144,135,135,137,,,
p14,qwen3,user_default_spacing,transition,first_checkpoint,structured_state,119,140,119,,20,,5,139,139,139,144,144,34,34,23,120,144,144,144,139,144,144,144,144,144,140,140,140,,,
p14,qwen3,user_default_spacing,transition,first_checkpoint,answer_history,112,138,112,,25,,7,137,137,138,144,144,34,34,18,113,144,144,144,138,144,144,144,144,144,137,137,138,,,
p14,qwen3,user_default_spacing,transition,first_explicit,snapshot,33,72,33,,25,,27,60,60,63,85,85,44,44,34,36,97,85,85,71,85,85,85,85,85,61,61,64,,12,
p14,qwen3,user_default_spacing,transition,first_explicit,structured_state,34,68,34,,20,,31,56,55,58,85,85,42,41,36,36,97,85,85,68,85,85,85,85,85,57,56,58,,12,
p14,qwen3,user_default_spacing,transition,first_explicit,answer_history,32,58,32,,20,,33,52,54,54,85,85,35,35,32,32,97,85,85,60,85,85,85,85,85,53,55,56,,12,
p14,qwen3,user_default_spacing,transition,no_new_coverage,snapshot,48,100,48,,42,6,70,97,99,107,166,166,66,66,51,53,326,166,166,123,166,166,166,166,166,98,100,108,,160,
p14,qwen3,user_default_spacing,transition,no_new_coverage,structured_state,75,141,75,1,47,5,35,131,130,135,162,162,98,97,76,79,326,163,163,143,163,163,163,163,163,138,137,140,,163,
p14,qwen3,user_default_spacing,transition,no_new_coverage,answer_history,57,139,57,,65,4,44,127,130,140,170,170,93,93,60,60,326,170,170,150,170,170,170,170,170,128,131,141,,156,
p14,qwen3,user_default_spacing,transition,still_not_stated,snapshot,87,87,87,,,,5,87,87,87,92,92,0,0,0,87,99,92,92,88,92,92,92,92,92,87,87,87,,7,
p14,qwen3,user_default_spacing,transition,still_not_stated,structured_state,92,92,92,,,,1,92,92,92,93,93,0,0,0,92,99,93,93,92,93,93,93,93,93,92,92,92,,6,
p14,qwen3,user_default_spacing,transition,still_not_stated,answer_history,86,86,86,,,,5,86,86,86,91,91,0,0,0,86,99,91,91,86,91,91,91,91,91,86,86,86,,8,
p14,qwen3,user_default_spacing,transition,unchanged_wind,snapshot,6,12,6,,5,,1,11,11,11,12,12,7,7,6,6,42,12,12,12,12,12,12,12,12,11,11,11,,30,
p14,qwen3,user_default_spacing,transition,unchanged_wind,structured_state,3,7,3,,4,,4,7,7,11,11,11,7,7,3,3,42,11,11,11,11,11,11,11,11,7,7,11,,31,
p14,qwen3,user_default_spacing,transition,unchanged_wind,answer_history,4,7,4,,1,,7,5,6,12,12,12,9,9,8,8,42,12,12,12,12,12,12,12,12,5,6,12,,30,
