condition,disjoint_precedence_category,count
p7_qwen3,correct,527
p7_qwen3,superseded_same_value,5
p7_qwen3,wrong_locator,223
p7_qwen3,wrong_source_version,23
p7_qwen3,wrong_value_status_or_unit,764
p8_qwen3,correct,261
p8_qwen3,superseded_same_value,6
p8_qwen3,wrong_locator,174
p8_qwen3,wrong_source_version,24
p8_qwen3,wrong_value_status_or_unit,379
p9_deepseek_r1,correct,1
p9_deepseek_r1,invalid_json_shape,92
p9_deepseek_r1,missing_response,556
p9_deepseek_r1,wrong_key,242
p9_deepseek_r1,wrong_source_version,1
p9_deepseek_r1,wrong_value_status_or_unit,650
p11_qwen3,correct,1000
p11_qwen3,invalid_json_shape,1
p11_qwen3,wrong_key,3
p11_qwen3,wrong_locator,483
p11_qwen3,wrong_source_version,33
p11_qwen3,wrong_value_status_or_unit,892
p11_deepseek_r1,correct,3
p11_deepseek_r1,invalid_json_shape,90
p11_deepseek_r1,missing_response,808
p11_deepseek_r1,wrong_key,232
p11_deepseek_r1,wrong_locator,1
p11_deepseek_r1,wrong_source_version,5
p11_deepseek_r1,wrong_value_status_or_unit,1273
p12_qwen3,correct,1060
p12_qwen3,wrong_key,10
p12_qwen3,wrong_locator,488
p12_qwen3,wrong_source_version,32
p12_qwen3,wrong_value_status_or_unit,822
p12_deepseek_r1,correct,9
p12_deepseek_r1,invalid_json_shape,51
p12_deepseek_r1,missing_response,418
p12_deepseek_r1,wrong_key,362
p12_deepseek_r1,wrong_locator,1
p12_deepseek_r1,wrong_source_version,4
p12_deepseek_r1,wrong_value_status_or_unit,1567
p13_deepseek_r1,correct,6
p13_deepseek_r1,invalid_json_shape,53
p13_deepseek_r1,missing_response,348
p13_deepseek_r1,unseen_source,1
p13_deepseek_r1,wrong_key,338
p13_deepseek_r1,wrong_locator,2
p13_deepseek_r1,wrong_source_version,1
p13_deepseek_r1,wrong_value_status_or_unit,1663
p14_qwen3,correct,952
p14_qwen3,missing_response,784
p14_qwen3,wrong_key,1
p14_qwen3,wrong_locator,339
p14_qwen3,wrong_source_version,15
p14_qwen3,wrong_value_status_or_unit,321
