condition,method,planned,returned,strict_correct,strict_percent_planned
p7_qwen3,answer_history,514,514,146,28.404669260700388
p7_qwen3,snapshot,514,514,187,36.38132295719844
p7_qwen3,structured_state,514,514,194,37.7431906614786
p8_qwen3,json,422,422,118,27.96208530805687
p8_qwen3,text,422,422,143,33.88625592417062
p9_deepseek_r1,answer_history,514,327,0,0.0
p9_deepseek_r1,snapshot,514,329,0,0.0
p9_deepseek_r1,structured_state,514,330,1,0.19455252918287938
p11_qwen3,answer_history,804,804,299,37.18905472636816
p11_qwen3,snapshot,804,804,356,44.27860696517413
p11_qwen3,structured_state,804,804,345,42.91044776119403
p11_deepseek_r1,answer_history,804,536,1,0.12437810945273632
p11_deepseek_r1,snapshot,804,538,1,0.12437810945273632
p11_deepseek_r1,structured_state,804,530,1,0.12437810945273632
p12_qwen3,answer_history,804,804,322,40.049751243781095
p12_qwen3,snapshot,804,804,369,45.8955223880597
p12_qwen3,structured_state,804,804,369,45.8955223880597
p12_deepseek_r1,answer_history,804,666,5,0.6218905472636815
p12_deepseek_r1,snapshot,804,667,3,0.373134328358209
p12_deepseek_r1,structured_state,804,661,1,0.12437810945273632
p13_deepseek_r1,answer_history,804,692,3,0.373134328358209
p13_deepseek_r1,snapshot,804,686,0,0.0
p13_deepseek_r1,structured_state,804,686,3,0.373134328358209
p14_qwen3,answer_history,804,545,297,36.940298507462686
p14_qwen3,snapshot,804,543,315,39.17910447761194
p14_qwen3,structured_state,804,540,340,42.288557213930346
