condition,planned,returned,shape_valid,strict_correct,strict_percent_planned,unattempted,unknown,strict_percent_returned_diagnostic,collection_complete,report_id
p7_qwen3,1542,1542,1542,527,34.17639429312581,0,0,34.17639429312581,True,5b74d8293acc932cd9ab8a975e705d327590a2c277b036d9f0c24ee36ac8f109
p8_qwen3,844,844,844,261,30.924170616113745,0,0,30.924170616113745,True,8cb5aa38b8eb8a09da0e77ff56492674c96cf3bd34dedd656c4cfb70b4ea8511
p9_deepseek_r1,1542,986,894,1,0.0648508430609598,556,0,0.10141987829614604,False,4c8e7452be94cffa19615526f0dc6552e0578d85345993c112ff01eadae8bb5c
p11_qwen3,2412,2412,2411,1000,41.459369817578775,0,0,41.459369817578775,True,a8427f3e11a0dd3f56bafb6b021cb4a23b547a8a00cbafc8d30f7acaac59dfae
p11_deepseek_r1,2412,1604,1514,3,0.12437810945273632,808,0,0.18703241895261846,False,2eee8cceb3356b08b56274a5b6d2242542b18f923d55c042d54c592fb7eec799
p12_qwen3,2412,2412,2412,1060,43.946932006633496,0,0,43.946932006633496,True,e7725945d1128b8ef7f0b56289fd406b373aab2008b5d1a2cc6744fed5a1ca2b
p12_deepseek_r1,2412,1994,1943,9,0.373134328358209,418,0,0.45135406218655966,False,1de6e0c9e946358255996f17eb02027f55b59a636ec37b7ff94e62426fb2008e
p13_deepseek_r1,2412,2064,2011,6,0.24875621890547264,348,0,0.29069767441860467,False,c9af22d325fa63892a8db69475d9a371583eafda426064586b54119730010421
p14_qwen3,2412,1628,1628,952,39.469320066334994,780,4,58.47665847665848,False,cfd6368dc983a2a0904a92623a69777e636164422d7db1cb2104adb79ba3e054
