condition,method,repeats,fully_captured_targets,planned_targets,whole_target_single_repeat
p11_qwen3,answer_history,1,144,144,15
p11_qwen3,snapshot,1,144,144,4
p11_qwen3,structured_state,1,144,144,22
p11_deepseek_r1,answer_history,1,18,144,0
p11_deepseek_r1,snapshot,1,18,144,0
p11_deepseek_r1,structured_state,1,18,144,0
p12_qwen3,answer_history,1,144,144,13
p12_qwen3,snapshot,1,144,144,6
p12_qwen3,structured_state,1,144,144,23
p12_deepseek_r1,answer_history,1,39,144,0
p12_deepseek_r1,snapshot,1,34,144,0
p12_deepseek_r1,structured_state,1,31,144,0
p13_deepseek_r1,answer_history,1,32,144,0
p13_deepseek_r1,snapshot,1,26,144,0
p13_deepseek_r1,structured_state,1,26,144,0
p14_qwen3,answer_history,1,18,144,10
p14_qwen3,snapshot,1,18,144,8
p14_qwen3,structured_state,1,18,144,10
