condition,reference_status,planned,returned,strict_correct
p11_qwen3,DISSIPATED,30,30,13
p11_qwen3,not_stated,588,588,502
p11_qwen3,numeric,1794,1794,485
p11_deepseek_r1,DISSIPATED,30,8,0
p11_deepseek_r1,not_stated,588,566,3
p11_deepseek_r1,numeric,1794,1030,0
p12_qwen3,DISSIPATED,30,30,13
p12_qwen3,not_stated,588,588,545
p12_qwen3,numeric,1794,1794,502
p12_deepseek_r1,DISSIPATED,30,17,0
p12_deepseek_r1,not_stated,588,588,9
p12_deepseek_r1,numeric,1794,1389,0
p13_deepseek_r1,DISSIPATED,30,19,0
p13_deepseek_r1,not_stated,588,588,6
p13_deepseek_r1,numeric,1794,1457,0
p14_qwen3,DISSIPATED,30,8,5
p14_qwen3,not_stated,588,567,549
p14_qwen3,numeric,1794,1053,398
