emdat_subtype,country_records,candidate_hazards,mapping_is_unambiguous
Blizzard/Winter storm,192,H12,True
Coastal flood,42,H09,True
Cold wave,216,H11,True
Derecho,6,H03,True
Drought,426,H13,True
Extra-tropical storm,157,H02,True
Flash flood,765,H08,True
Flood (General),1446,H08,True
Forest fire,195,H16,True
Hail,53,H05,True
Heat wave,313,H10,True
"Land fire (Brush, Bush, Pasture)",47,H16,True
Lightning/Thunderstorms,172,H03;H06,False
Riverine flood,2031,H08,True
Sand/Dust storm,20,H14,True
Severe weather,310,,False
Severe winter conditions,77,H12,True
Storm (General),352,,False
Storm surge,10,H09,True
Tornado,175,H04,True
Tropical cyclone,1469,H01,True
Wildfire (General),110,H16,True
