threshold_m,condition,head,scope,registered_target_answers,unique_opportunities,registered_calls,requested_output_cap_per_call,planned_output_token_budget,attempted_calls,admitted_calls,admitted_target_answers,dispositions,requested_input_tokens,returned_output_tokens,F_mature_registered_positions,metrics
1000,all_registered,e_only,multi,24,24,8,512,4096,0,0,0,{'unattempted': 8},0,0,0,
1000,all_registered,e_only,single,24,24,24,512,12288,0,0,0,{'unattempted': 24},0,0,0,
1000,all_registered,f_only,multi,24,24,8,512,4096,0,0,0,{'unattempted': 8},0,0,24,
1000,all_registered,f_only,single,24,24,24,512,12288,0,0,0,{'unattempted': 24},0,0,24,
1000,all_registered,joint,multi,24,24,8,512,4096,0,0,0,{'unattempted': 8},0,0,24,
1000,all_registered,joint,single,24,24,24,512,12288,0,0,0,{'unattempted': 24},0,0,24,
1000,common_only,e_only,multi,24,24,8,512,4096,0,0,0,{'unattempted': 8},0,0,0,
1000,common_only,e_only,single,24,24,24,512,12288,0,0,0,{'unattempted': 24},0,0,0,
1000,common_only,f_only,multi,24,24,8,512,4096,0,0,0,{'unattempted': 8},0,0,24,
1000,common_only,f_only,single,24,24,24,512,12288,0,0,0,{'unattempted': 24},0,0,24,
1000,common_only,joint,multi,24,24,8,512,4096,0,0,0,{'unattempted': 8},0,0,24,
1000,common_only,joint,single,24,24,24,512,12288,0,0,0,{'unattempted': 24},0,0,24,
5000,all_registered,e_only,multi,24,24,8,512,4096,0,0,0,{'unattempted': 8},0,0,0,
5000,all_registered,e_only,single,24,24,24,512,12288,0,0,0,{'unattempted': 24},0,0,0,
5000,all_registered,f_only,multi,24,24,8,512,4096,0,0,0,{'unattempted': 8},0,0,24,
5000,all_registered,f_only,single,24,24,24,512,12288,0,0,0,{'unattempted': 24},0,0,24,
5000,all_registered,joint,multi,24,24,8,512,4096,0,0,0,{'unattempted': 8},0,0,24,
5000,all_registered,joint,single,24,24,24,512,12288,0,0,0,{'unattempted': 24},0,0,24,
5000,common_only,e_only,multi,24,24,8,512,4096,0,0,0,{'unattempted': 8},0,0,0,
5000,common_only,e_only,single,24,24,24,512,12288,0,0,0,{'unattempted': 24},0,0,0,
5000,common_only,f_only,multi,24,24,8,512,4096,0,0,0,{'unattempted': 8},0,0,24,
5000,common_only,f_only,single,24,24,24,512,12288,0,0,0,{'unattempted': 24},0,0,24,
5000,common_only,joint,multi,24,24,8,512,4096,0,0,0,{'unattempted': 8},0,0,24,
5000,common_only,joint,single,24,24,24,512,12288,0,0,0,{'unattempted': 24},0,0,24,
