threshold_m,condition,head,registered_pairs,both_admitted,E_correctness_difference_counts,E_accuracy_multi_minus_single,F_brier_single_minus_multi
1000,all_registered,e_only,24,0,,,
1000,all_registered,f_only,24,0,,,
1000,all_registered,joint,24,0,,,
1000,common_only,e_only,24,0,,,
1000,common_only,f_only,24,0,,,
1000,common_only,joint,24,0,,,
5000,all_registered,e_only,24,0,,,
5000,all_registered,f_only,24,0,,,
5000,all_registered,joint,24,0,,,
5000,common_only,e_only,24,0,,,
5000,common_only,f_only,24,0,,,
5000,common_only,joint,24,0,,,
