hazard_id,name,primary_source_ids,backup_source_ids,catalog_report_count,verified_evidence_cn,gaps_cn,new_qualified_episodes,independent_event_family_count
H01,热带气旋,"D01,D02,D47,D50","D03,D04,D73",601,NHC 已有种子/公告；全球 IBTrACS SID；CyPortQA 3 风暴图文,新增亚洲/南半球独立风暴；best-track/outcome 隔离；不复用受保护风暴,0,
H02,温带风暴/非对流大风,"D05,D27","D28,D48,D67",10054,强风报告及 ISD 风记录可读,需非对流分类证据；不能将全部雷达 storm 叫温带气旋；风速/阵风分开,0,
H03,雷暴大风/下击暴流,"D05,D06,D49","D08,D09,D48",36770,灾害报告、VIL 序列；SPC MD 原文,缺地面风与雷达联合窗口；下击暴流需特定证据,0,
H04,龙卷风,"D05,D07","D06,D08,D49",3067,龙卷报告；TorNet 3 个负例可读,TorNet 正例 0；核对 v1.1 修订和同一风暴负例,0,
H05,冰雹,"D05,D06","D09,D48,D70",18033,真实冰雹目录标签；SEVIR 2 条 Hail VIL,补地面直径/报告与雷达 MESH 时空匹配,0,
H06,强雷电,D10,"D06,D05",506,3 个 GLM 产品，flash/group/event 可读并检父子关系,尚未验证极端密度；需当地时间/面积基线及跨文件去重,0,
H07,极端降水,"D26,D30,D59","D09,D29,D47",2237,站点雨量、CHIRPS 2 日、MeteoNet 实测资料,日累计/分钟率不可混用；本轮栅格窗口未被认定极端,0,
H08,河洪/山洪/城市内涝,"D05,D15,D56,D60,D61","D12,D13,D14,D16,D17,D51",13299,站点流量、Caravan 时序、Sen1 标签及 HANZE,GEOID 新样本洪水正像素 0；城市内涝、道路状态、永久水体需独立验证,0,
H09,风暴潮/沿岸淹没,"D37,D05","D01,D18,D58,D69",513,3 站 720 对潮位/预测匹配,潮汐残差不是纯风暴潮；尚未取得独立沿海淹没掩膜及阈值,0,
H10,热浪,"D26,D48","D47,D25,D34",10550,Heathrow 窗口、EWB 热浪定义和小时观测,ExEBench heatwave 包未下载；本地气候态和持续时间待补，LST 单列,0,
H11,寒潮/极端低温/霜冻,"D47,D26,D27","D48,D28",3349,ExEBench 9 案例/559 时间步，Houston 站温,寒潮骤降、绝对低温、霜冻分开定义；空间均值定义与跨国事件去重,0,
H12,暴雪/积雪/冰冻/冻雨,"D05,D26,D55","D27,D33,D49",18361,暴雪等灾害报告；Buffalo 站点雪量、SNODAS SWE,冻雨和吹雪现象码样例为 0；雪盖/积雪不可填补全部冬季细类,0,
H13,干旱/闪旱,"D31,D52","D30,D32,D60,D62",9898,"3 周 USDM；DroughtED 26,666 行前缀",周标签含连续小数；实际 split 与文档不一致；闪旱快速恶化定义待核,0,
H14,沙尘暴,"D05,D27","D35,D36,D63",195,有沙尘暴灾害报告；ISD 276 条浮尘/扬沙现象码,ISD 本批沙尘暴码正例 0；必须补 dust-specific 栅格和地面暴尘窗口,0,
H15,浓雾/极端低能见度,"D27,D05","D53,D63",1105,ISD 34 条带合格能见度的雾码报告,海雾 cube 未验证；极端低能见度阈值、持续时间及烟/沙尘排除待补,0,
H16,野火/天气相关火险,"D19,D23","D20,D21,D22,D24,D65",649,WildfireSpreadTS 3 日、FIRMS 热点、TS-SatFire 3 日,每组仅 1 火场；火点/烧痕/火险分开；天气相关不等于自然或极端天气致火,0,
