case,status,registered_opportunities,formal_score,positive_opportunities,unique_positive_targets,E_determined_at_cutoff,E_model_calls,E_opportunities_without_model_submission,source_queries,actual_model_calls
1000__base_bound_override__A00_follow,qualified,216,0.0015329849583409637,0,0,0,0,216,0,0
1000__base_bound_override__A01_base_program,qualified,216,0.0015329849583409637,0,0,0,0,216,0,0
1000__base_bound_override__A02_one_program,qualified,216,0.001542416347652586,0,0,0,0,216,24,0
1000__base_bound_override__A03_batch_program,qualified,216,0.0015368635313217198,0,0,144,0,216,48,0
1000__base_bound_override__A04_risk_program,qualified,216,0.0015843751634828018,0,0,69,0,216,48,0
1000__base_bound_override__A05_coverage_program,qualified,216,0.0015423690901382949,0,0,72,0,216,48,0
1000__base_bound_override__A06_llm_program,qualified,216,0.0015231692693756466,0,0,75,0,216,48,24
1000__base_bound_override__A07_base_llm,qualified,216,0.0015329849583409637,0,0,0,216,0,0,216
1000__base_bound_override__A08_one_llm,qualified,216,0.0015329849583409637,0,0,0,216,0,24,216
1000__base_bound_override__A09_batch_llm,qualified,216,0.0015329849583409637,0,0,144,216,0,48,216
1000__base_bound_override__A10_risk_llm,qualified,216,0.0015329849583409637,0,0,69,216,0,48,216
1000__base_bound_override__A11_coverage_llm,qualified,216,0.0015329849583409637,0,0,72,216,0,48,216
1000__base_bound_override__A12_llm_llm,qualified,216,0.0015329849583409637,0,0,87,146,70,48,170
1000__persistent_override__A00_follow,qualified,216,0.0015329849583409637,0,0,0,0,216,0,0
1000__persistent_override__A01_base_program,qualified,216,0.0015345566264631297,0,0,0,0,216,0,0
1000__persistent_override__A02_one_program,qualified,216,0.0015444308981700254,0,0,0,0,216,24,0
1000__persistent_override__A03_batch_program,qualified,216,0.0015377426983024134,0,0,144,0,216,48,0
1000__persistent_override__A04_risk_program,qualified,216,0.001584051274624298,0,0,69,0,216,48,0
1000__persistent_override__A05_coverage_program,qualified,216,0.001543095972148267,0,0,72,0,216,48,0
1000__persistent_override__A06_llm_program,qualified,216,0.0016291514173752879,0,0,75,0,216,48,24
1000__persistent_override__A07_base_llm,qualified,216,0.0013332018088173152,0,0,0,216,0,0,216
1000__persistent_override__A08_one_llm,qualified,216,0.0013396260421506398,0,0,0,216,0,24,216
1000__persistent_override__A09_batch_llm,qualified,216,0.0013396260421506398,0,0,144,216,0,48,216
1000__persistent_override__A10_risk_llm,qualified,216,0.0013396260421506398,0,0,69,216,0,48,216
1000__persistent_override__A11_coverage_llm,qualified,216,0.0013396260421506398,0,0,72,216,0,48,216
1000__persistent_override__A12_llm_llm,qualified,216,0.0012727518538426825,0,0,81,151,65,48,175
5000__base_bound_override__A00_follow,qualified,216,0.021752413000250617,2,2,0,0,216,0,0
5000__base_bound_override__A01_base_program,qualified,216,0.021752413000250617,2,2,0,0,216,0,0
5000__base_bound_override__A02_one_program,qualified,216,0.023095964244136864,2,2,18,0,216,24,0
5000__base_bound_override__A03_batch_program,qualified,216,0.023180788980389548,2,2,144,0,216,48,0
5000__base_bound_override__A04_risk_program,qualified,216,0.02223639441345157,2,2,69,0,216,48,0
5000__base_bound_override__A05_coverage_program,qualified,216,0.023631150361114277,2,2,87,0,216,48,0
5000__base_bound_override__A06_llm_program,qualified,216,0.022972137453385475,2,2,102,0,216,48,24
5000__base_bound_override__A07_base_llm,qualified,216,0.021752413000250617,2,2,0,216,0,0,216
5000__base_bound_override__A08_one_llm,qualified,216,0.021752413000250617,2,2,18,216,0,24,216
5000__base_bound_override__A09_batch_llm,qualified,216,0.021752413000250617,2,2,144,216,0,48,216
5000__base_bound_override__A10_risk_llm,qualified,216,0.021752413000250617,2,2,69,216,0,48,216
5000__base_bound_override__A11_coverage_llm,qualified,216,0.021752413000250617,2,2,87,216,0,48,216
5000__base_bound_override__A12_llm_llm,qualified,216,0.021752413000250617,2,2,102,147,69,48,171
5000__persistent_override__A00_follow,qualified,216,0.021752413000250617,2,2,0,0,216,0,0
5000__persistent_override__A01_base_program,qualified,216,0.02175232789954643,2,2,0,0,216,0,0
5000__persistent_override__A02_one_program,qualified,216,0.023094048717641504,2,2,18,0,216,24,0
5000__persistent_override__A03_batch_program,qualified,216,0.023172054365758938,2,2,144,0,216,48,0
5000__persistent_override__A04_risk_program,qualified,216,0.022213321678535,2,2,69,0,216,48,0
5000__persistent_override__A05_coverage_program,qualified,216,0.02361690266808491,2,2,87,0,216,48,0
5000__persistent_override__A06_llm_program,qualified,216,0.02188555925450648,2,2,105,0,216,48,24
5000__persistent_override__A07_base_llm,qualified,216,0.022004108846557176,2,2,0,216,0,0,216
5000__persistent_override__A08_one_llm,qualified,216,0.022004108846557176,2,2,18,216,0,24,216
5000__persistent_override__A09_batch_llm,qualified,216,0.022004108846557176,2,2,144,216,0,48,216
5000__persistent_override__A10_risk_llm,qualified,216,0.022004108846557176,2,2,69,216,0,48,216
5000__persistent_override__A11_coverage_llm,qualified,216,0.022004108846557176,2,2,87,216,0,48,216
5000__persistent_override__A12_llm_llm,qualified,216,0.021994726777342665,2,2,99,152,64,48,176
