condition,method,checkpoint_n,checkpoint_all_correct,episode_n,episode_all_correct,c0_correct_of_36,c1_correct_of_36,c2_correct_of_36,c3_correct_of_36,c4_correct_of_36
P4,snapshot,180,167,36,24,36,36,34,30,31
P4,structured_state,180,178,36,34,36,36,36,36,34
P4,answer_history,180,145,36,21,36,36,24,25,24
revision_chain,snapshot,180,150,36,17,36,36,30,23,25
revision_chain,structured_state,180,164,36,24,36,36,34,30,28
revision_chain,answer_history,180,135,36,19,36,36,22,20,21
irrelevant_scope,snapshot,180,155,36,18,36,36,31,32,20
irrelevant_scope,structured_state,180,154,36,17,36,36,31,32,19
irrelevant_scope,answer_history,180,135,36,17,36,36,19,23,21
late_stale_replay,snapshot,180,163,36,21,36,36,32,32,27
late_stale_replay,structured_state,180,172,36,30,36,36,36,34,30
late_stale_replay,answer_history,180,132,36,13,36,36,24,21,15
