stage,model,method,planned,received,contract_valid,all_correct,all_correct_fraction
P1,deepseek-v4-flash,snapshot,30,30,14,13,0.43333333
P1,deepseek-v4-flash,structured_state,30,30,30,30,1.0
P1,deepseek-v4-flash,answer_history,30,30,24,24,0.8
T6_legacy_4096,deepseek-v4-flash,snapshot,30,30,17,17,0.56666667
T6_legacy_4096,deepseek-v4-flash,structured_state,30,30,28,26,0.86666667
T6_legacy_4096,deepseek-v4-flash,answer_history,30,30,27,25,0.83333333
T6_explicit_4096,deepseek-v4-flash,snapshot,30,30,27,27,0.9
T6_explicit_4096,deepseek-v4-flash,structured_state,30,30,30,30,1.0
T6_explicit_4096,deepseek-v4-flash,answer_history,30,30,28,25,0.83333333
T6_explicit_8192,deepseek-v4-flash,snapshot,30,30,30,26,0.86666667
T6_explicit_8192,deepseek-v4-flash,structured_state,30,30,30,27,0.9
T6_explicit_8192,deepseek-v4-flash,answer_history,30,30,30,30,1.0
P2_v1,deepseek-v4-flash,snapshot,90,90,88,86,0.95555556
P2_v1,deepseek-v4-flash,structured_state,90,90,89,89,0.98888889
P2_v1,deepseek-v4-flash,answer_history,90,90,87,87,0.96666667
P2_v2,deepseek-v4-flash,snapshot,90,90,90,90,1.0
P2_v2,deepseek-v4-flash,structured_state,90,90,90,90,1.0
P2_v2,deepseek-v4-flash,answer_history,90,90,90,90,1.0
P3,Qwen3-8B,answer_history,180,180,52,50,0.27777778
P3,Qwen3-8B,snapshot,180,180,80,75,0.41666667
P3,Qwen3-8B,structured_state,180,180,68,68,0.37777778
P4,Qwen3-8B,answer_history,180,180,180,145,0.80555556
P4,Qwen3-8B,snapshot,180,180,180,167,0.92777778
P4,Qwen3-8B,structured_state,180,180,180,178,0.98888889
revision_chain,Qwen3-8B,answer_history,180,180,180,135,0.75
revision_chain,Qwen3-8B,snapshot,180,180,180,150,0.83333333
revision_chain,Qwen3-8B,structured_state,180,180,180,164,0.91111111
irrelevant_scope,Qwen3-8B,answer_history,180,180,180,135,0.75
irrelevant_scope,Qwen3-8B,snapshot,180,180,180,155,0.86111111
irrelevant_scope,Qwen3-8B,structured_state,180,180,180,154,0.85555556
late_stale_replay,Qwen3-8B,answer_history,180,180,180,132,0.73333333
late_stale_replay,Qwen3-8B,snapshot,180,180,180,163,0.90555556
late_stale_replay,Qwen3-8B,structured_state,180,180,180,172,0.95555556
