model,head,condition,n,correct,always_unknown_correct,unwarranted_determination
qwen235b_fp8,e_only,common_only,48,43,48,5
qwen235b_fp8,e_only,fixed_one,48,2,46,46
qwen235b_fp8,e_only,all_registered,48,47,0,0
qwen235b_fp8,joint,common_only,48,25,48,23
qwen235b_fp8,joint,fixed_one,48,2,46,46
qwen235b_fp8,joint,all_registered,48,46,0,0
qwen8b_control,e_only,common_only,48,48,48,0
qwen8b_control,e_only,fixed_one,48,45,46,1
qwen8b_control,e_only,all_registered,48,3,0,0
qwen8b_control,joint,common_only,48,48,48,0
qwen8b_control,joint,fixed_one,48,46,46,0
qwen8b_control,joint,all_registered,48,13,0,0
